date,company,laid_off,pct,industry,stage,country,reason_primary,ai_link,narrative_source,ai_position,hire_overcorrection,reassignment_observed,profiles_cut,profiles_hired,reason,theme_original,source_url,source_used
2026-05-25,Wix,1000,0.2,Marketing,Post-IPO,Israel,cost_cutting,ai_denied_but_adjacent,news_with_quote,token_buyer,True,False,,,"Weak earnings, nearly 50% stock decline, rising AI compute costs from Base44 acquisition, and roles becoming redundant in the AI era.",AI restructuring,https://www.calcalistech.com/ctechnews/article/b1oebi11xge,
2026-05-21,ClickUp,290,0.22,Other,Series C,United States,ai_substitution_claim,direct_substitution,news_inferred,token_buyer,,,,,"ClickUp cut ~290 of 1,300 employees (22%) and introduced $1M salary bands for survivors. CEO Zeb Evans framed it on X not as cost-cutting but as a structural bet on AI: restructuring around a '100x org' model where AI agents outnumber employees 3:1. The company now runs ~3,000 internal AI agents. Path to $1M salary available to anyone producing '100x impact' by creating/managing AI systems.",AI restructuring,https://x.com/DJ_CURFEW/status/2057522382315929802?s=20,https://thenextweb.com/news/clickup-layoffs-22-percent-ai-100x-org-million-salary
2026-05-20,Meta,8000,0.1,Consumer,Post-IPO,United States,ai_capex_reallocation,capex_funding,ceo_memo,vertical_builder,True,True,middle_management|core_engineering_non_AI|product_design|cybersecurity|content_moderation|Reality_Labs|Facebook_social|recruiting|FAIR_researchers,AI_researchers_foundation_models|ML_engineers|AI_infra|AI_monetization|AR_hardware|Superintelligence_Labs|TBD_Lab,"Zuckerberg memo: 'Success isn't a given' and 'AI is the most consequential technology of our lifetimes.' Roughly 10% of staff cut while ~7,000 employees were redeployed into new AI-focused roles (Applied AI Engineering, Agent Transformation Accelerator, Central Analytics). AI infrastructure, foundation-model, and AI monetization teams were explicitly protected. Zuckerberg said no further companywide layoffs were expected in 2026.",AI restructuring,https://www.cnbc.com/2026/05/20/meta-layoffs-zuckerberg-says-success-isnt-a-given-in-memo.html,https://fortune.com/2026/05/21/meta-10-percent-workforce-layoffs-ai-tech-success-is-not-a-given-8-thousand-employees-mark-zuckerberg/
2026-05-20,Intuit,3000,0.17,Finance,Post-IPO,United States,restructuring_vague,ai_denied_but_adjacent,ceo_memo,token_buyer,False,False,engineering_CA|customer_support|marketing|admin|satellite_offices_Reno_WoodlandHills|middle_management,AI_ML_engineers_Mountain_View|Anthropic_OpenAI_integration_roles,"CEO Sasan Goodarzi internal memo: cuts (17% of ~18,200 employees) framed as 'reducing complexity and simplifying the corporate structure' to deliver better products and consolidate teams in key hubs (winding down Reno and Woodland Hills offices). Notably Goodarzi told CNBC 'None of it had to do with AI... Everything was about how do we become more effective,' even though the restructuring funds AI integration across TurboTax/QuickBooks/Credit Karma.",restructuring (AI-adjacent; CEO denies AI driver),https://www.reuters.com/business/world-at-work/intuit-cut-17-global-jobs-streamline-operations-memo-shows-2026-05-20/,https://techcrunch.com/2026/05/20/intuit-to-lay-off-over-3000-employees-to-refocus-on-ai/
2026-05-18,AI21 Labs,110,0.61,AI,Series D,Israel,strategic_pivot,ai_pivot_market,news_inferred,compute_seller,,False,,,Israeli AI startup AI21 Labs (Amnon Shashua) cut 110 of 180 employees (~61%) and pivoted away from selling foundation models toward its Maestro AI agent orchestration platform. Remaining staff are mostly research and product. Cited inability of foundation models to be a sufficient source of income; revenue agreements include deals with Nebius and Wix.,AI restructuring,https://en.globes.co.il/en/article-shashuas-ai21-labs-laying-off-60-of-employees-1001543241,https://www.calcalistech.com/ctechnews/article/rjwumhukfx
2026-05-15,Kraken,150,,Crypto,Unknown,United States,restructuring_vague,direct_substitution,press_release_sec,token_buyer,,False,,,"Kraken parent Payward cut ~150 workers after deploying AI that improved efficiency, primarily in customer service, compliance, and trading support. Kraken's AI chatbot now handles ~80% of customer inquiries. IPO timeline may slip from late 2026 to 2027 due to crypto market decline; Kraken paused its confidential SEC filing in March.",AI restructuring,https://www.bloomberg.com/news/articles/2026-05-15/kraken-cuts-150-workers-after-deploying-ai-ipo-may-slip-to-2027,https://unchainedcrypto.com/kraken-cuts-150-workers-after-deploying-ai-as-ipo-timeline-may-slip-to-2027/
2026-05-14,Innovaccer,340,,Healthcare,Series E,United States,restructuring_vague,ai_pivot_market,news_inferred,token_buyer,,,,,"Transitioning to an AI-native company and aligning the team to current business priorities to become lean, fast and focused.",AI restructuring,https://inc42.com/buzz/exclusive-healthtech-unicorn-innovaccer-lays-off-340-employees-in-another-restructuring-round/,
2026-05-14,Dune,35,0.25,Crypto,Series B,Norway,ai_substitution_claim,direct_substitution,news_inferred,token_buyer,,,,,Dune Analytics cut 25% of staff (~35 of 143) as cofounder Fredrik Haga restructures around AI agents and institutional onchain finance adoption. Pivot leans on Dune MCP (open-standard server launched March 2026) that lets AI agents query its data warehouse via natural language. Company says it remains well capitalized after $79M total raised.,AI restructuring,https://x.com/hagaetc/status/2054937771811192837?s=20,https://decrypt.co/367949/dune-analytics-slashes-25-of-workforce-in-ai-institutional-pivot
2026-05-14,Gambling.com Group,,,Other,Post-IPO,Ireland,cost_cutting,ai_pivot_market,news_inferred,n/a,,,,,"AI Transformation-led restructure making AI the foundation of team structures and processes, targeting $13M in annual savings.",AI restructuring,https://finance.yahoo.com/markets/stocks/articles/gambling-com-group-reports-first-200500152.html,
2026-05-13,Cisco,4000,0.05,Infrastructure,Post-IPO,United States,ai_capex_reallocation,capex_funding,news_inferred,infra_seller,,,,,"Restructuring to shift investment toward areas of strongest demand in the AI era, including silicon, optics, security, and AI.",AI restructuring,https://blogs.cisco.com/news/our-path-forward,
2026-05-13,LinkedIn,875,0.05,Recruiting,Acquired,United States,new_ceo_turnaround,ai_denied_but_adjacent,ceo_memo,token_buyer,,,,,"New CEO Daniel Shapero (ex-COO, took over month prior) memo: 'We need to reinvent how we work, with agile teams focused on our highest priorities, and by shifting investments toward areas such as infrastructure to fulfill our mission and vision over the long term.' Spokesperson called it 'regular business planning.' Source told Reuters AI automation was NOT the cause. Notable because LinkedIn just crossed $5B quarterly revenue (+12% YoY).",restructuring under new CEO (explicitly not AI-driven),https://www.reuters.com/business/world-at-work/linkedin-is-planning-lay-off-5-staff-latest-tech-sector-cuts-source-says-2026-05-13/,https://www.hcamag.com/us/news/general/linkedin-cuts-5-of-staff-despite-record-revenue-reuters-reports/575160
2026-05-13,Jumia,200,,Retail,Post-IPO,Nigeria,restructuring_vague,ai_denied_but_adjacent,news_inferred,token_buyer,,,,,Reducing headcount and process automation through expansion of AI tools to improve operational efficiency and cut costs.,AI restructuring,https://thekenyatimes.com/latest-kenya-times-news/jumia-announces-job-cuts-as-company-expands-ai-use/,
2026-05-13,Guesty,20,0.02,Travel,Series F,Israel,unknown,unrelated,not_accessible,n/a,,,,,source not accessible,unknown,https://www.geektime.co.il/guesty-lays-off-20-employees-in-israel/,
2026-05-12,Breadfast,58,,Food,Series C,Egypt,restructuring_vague,unrelated,news_inferred,n/a,,,,,"Non-renewal of contracts for 58 engineering, product, and data staff at scheduled expiry; no substantive strategic justification provided publicly.",restructuring,https://www.fwdstart.me/p/egyptian-grocery-delivery-startup-breadfast-cuts-58-tech-staff-months-after-50m-raise,
2026-05-11,MRI Software,200,,Real Estate,Acquired,United States,restructuring_vague,ai_denied_but_adjacent,news_inferred,token_buyer,,,,,"PE-backed real estate software firm MRI cut ~200 roles globally, explicitly citing AI adoption across products and operations. Company framed it as 'strategic alignment of resources' to improve scalability. Cuts come as PE owners (TA Associates, Harvest Partners, GI Partners) explore a sale/IPO at up to $10B valuation with Goldman Sachs advising.",AI restructuring,https://propmodo.com/private-equity-backed-proptech-firm-cuts-200-jobs-cites-ai-adoption/,https://www.crainscleveland.com/real-estate/commercial/ccl-mri-layoffs-2026511/
2026-05-11,One Identity,41,,Security,Unknown,Germany,geographic_relocation,unrelated,news_inferred,n/a,,False,,,"Closing German development office, relocating work abroad; CTO claimed German team was not open enough to new development approaches and the company needed to act quickly.",offshoring,https://www.heise.de/news/Verlagerung-ins-Ausland-One-Identity-schliesst-Entwicklung-in-Deutschland-11287793.html,
2026-05-11,GitLab,,,Product,Post-IPO,United States,ai_substitution_claim,direct_substitution,news_inferred,token_buyer,,,,,"GitLab announced 7% workforce reduction, 30% cut to country footprint, flattened three management layers, reorganized R&D into 60 autonomous teams, and automated internal processes with AI agents. CEO Bill Staples: cuts are 'not an AI optimization or cost cutting exercise' - rather company will 'reinvest the vast majority of savings back into the business to accelerate our unique opportunity in the agentic era.' Stock fell >8% after-hours.",AI restructuring,https://www.bloomberg.com/news/articles/2026-05-11/gitlab-says-will-cut-jobs-to-spend-on-growth-in-agentic-era,https://thenextweb.com/news/gitlab-layoffs-agentic-era-devops-ai
2026-05-11,MessageBird,,0.2,Other,Series C,Netherlands,geographic_relocation,unrelated,news_inferred,token_buyer,,,,,"Reducing European headcount by 20% to relocate closer to US-headquartered customers, who now account for 75% of revenue.",geographic shift,https://www.linkedin.com/posts/robertvis_this-is-a-note-i-sent-earlier-today-to-all-share-7459557337901645826-VIus/,
2026-05-10,ZoomInfo,600,0.2,Sales,Post-IPO,United States,ai_capex_reallocation,capex_funding,news_inferred,token_buyer,True,False,,,"Restructuring to redirect spending toward AI-enabled engineering and data infrastructure, targeting ~$60M in annual savings; cuts concentrated in R&D and downmarket sales.",AI restructuring,https://finance.yahoo.com/news/zoominfo-stock-plunges-company-slashes-133002815.html,
2026-05-10,Adda247,200,0.2,Education,Series B,India,ipo_prep,unrelated,news_inferred,token_buyer,,,,,Structural adjustments to optimize financial performance and operational execution ahead of planned IPO.,IPO prep,https://www.whalesbook.com/news/English/tech/Adda247-Cuts-Staff-Ahead-of-IPO-Signals-Profitability-Push/6a00cbb0707d23e84421af77,
2026-05-09,Parker,,1,Finance,Series B,United States,shutdown_bankruptcy,unrelated,news_inferred,n/a,,,,,Filed for bankruptcy after failed acquisition negotiations; CEO hinted at over-hiring and reactive decisions as contributing factors.,shutdown,https://techcrunch.com/2026/05/09/fintech-startup-parker-files-for-bankruptcy/,
2026-05-08,Staffbase,176,0.22,Other,Series E,Germany,cost_cutting,unrelated,news_inferred,token_buyer,,,,,"Chemnitz-based unicorn Staffbase cut 176 people (22%) - 'every fifth position' - driven by economic pressure (inflation, investor caution), shifts in industry demand, and internal restructuring. Company is consolidating product development to Berlin and Saxony, closing other sites. Frames it as reducing complexity after three acquisitions.",restructuring,https://www.msn.com/de-de/finanzen/top-stories/harter-einschnitt-bei-sachsens-einhorn-staffbase-streicht-jede-f%C3%BCnfte-stelle/ar-AA22HHQv,https://www.sunsethq.com/layoff-tracker/staffbase
2026-05-07,Cloudflare,1100,0.2,Security,Post-IPO,United States,ai_substitution_claim,direct_substitution,ceo_memo,hybrid,True,False,,,"Reorganizing to operate effectively in the agentic AI era; internal AI usage grew over 600% in three months, requiring fundamental restructuring of roles and processes.",AI restructuring,https://blog.cloudflare.com/building-for-the-future/,
2026-05-07,Bill.com,709,0.3,Finance,Post-IPO,United States,cost_cutting,unrelated,news_inferred,token_buyer,True,False,,,"Aligning cost structure and talent with growth trajectory, investing more deliberately in highest-impact areas to improve organizational agility.",cost cutting,https://www.bill.com/blog/a-message-to-bill-employees,
2026-05-07,Ticketmaster,350,0.08,Consumer,Acquired,United States,restructuring_vague,ai_denied_but_adjacent,news_inferred,n/a,,,,,"Ticketmaster cut ~350 jobs (8%) across 25 countries, heaviest in engineering, then product and design. Global President Saumil Mehta framed AI as 'a new utility' for mobile, search and pricing, and said the reorg aimed to 'flatten organizational layers' and speed decisions. Came one day after a 10% Q1 revenue jump to $765M.",AI restructuring,https://hoodline.com/2026/05/ticketmaster-axes-350-jobs-as-it-fast-tracks-new-tech/,https://www.musicbusinessworldwide.com/ticketmaster-cuts-around-350-jobs-8-of-global-workforce-in-engineering-product-and-design-restructuring-report/
2026-05-07,DeepL,250,0.21,AI,Unknown,Germany,ai_substitution_claim,direct_substitution,news_inferred,compute_seller,,,,,"Restructuring as an enduring global AI company with smaller, AI-embedded teams to match accelerating pace of AI advancement.",AI restructuring,https://www.linkedin.com/pulse/important-update-deepl-jarek-kutylowski-66yxe/,
2026-05-07,Upwork,151,0.24,Other,Post-IPO,United States,restructuring_vague,direct_substitution,ceo_memo,token_buyer,,False,,,"Upwork cut ~24% of workforce. CEO Hayden Brown's memo: 'Two pizza teams are dead. AI means smaller, differently resourced teams in product and engineering can make a bigger impact than ever.' Also: 'Fewer layers means faster decisions. Flatter is better.' Cited slower near-term growth in Q1 and profitability goals.",AI restructuring,https://www.upwork.com/press/releases/upwork-ceo-hayden-brown-shared-the-following-message-with-employees-on-may-7-2026,https://officechai.com/ai/upwork-lays-off-25-of-its-workforce-says-ai-will-lead-to-smaller-teams/
2026-05-07,Truecaller,70,,Consumer,Post-IPO,Sweden,unknown,unrelated,not_accessible,token_buyer,,,,,source not accessible,unknown,https://uk.investing.com/news/earnings/toast-shares-tumble-6-as-q1-earnings-fall-short-of-analyst-expectations-93CH-4660610,
2026-05-06,Arctic Wolf,250,0.1,Security,Unknown,United States,restructuring_vague,unrelated,news_inferred,token_buyer,,,,,Better aligning structure and investments with long-term strategy; redirecting resources to its Superintelligence platform and Agentic SOC.,AI restructuring,https://www.theregister.com/ai-and-ml/2026/05/06/arctic-wolf-cuts-250-jobs-in-ai-push/5231213,
2026-05-06,Pocket FM,100,0.1,Media,Series D,India,cost_cutting,unrelated,news_inferred,token_buyer,,False,,,Framed as regular performance-based reviews leading to role-specific changes; reportedly aimed at increasing revenue per employee.,cost cutting,https://entrackr.com/exclusive/exclusive-pocket-fm-lets-go-of-over-100-employees-more-job-cuts-may-follow-11806323,
2026-05-06,LSports,40,0.2,Data,Unknown,Israel,unknown,unrelated,not_accessible,token_buyer,,,,,source not accessible,unknown,https://www.geektime.co.il/l-sports-lays-off-40-employees-in-israel/,
2026-05-06,ApnaMart,35,0.1,Food,Series B,India,ai_substitution_claim,direct_substitution,news_inferred,token_buyer,,,,,"AI-led automation rendering some roles redundant, combined with relocation of product and technology teams from Bengaluru to Gurugram.",AI restructuring,https://entrackr.com/news/apna-mart-lays-off-10-of-workforce-shifts-base-from-bengaluru-to-gurugram-11805807,
2026-05-06,reAlpha,,0.25,Real Estate,Post-IPO,United States,unknown,unrelated,not_accessible,token_buyer,,,,,source not accessible,unknown,https://markets.businessinsider.com/news/stocks/realpha-reduces-workforce-by-approximately-25-and-consolidates-vendor-spend-targeting-2-million-in-annualized-savings-as-ai-advancements-drive-organizational-efficiency-1036115751,
2026-05-05,PayPal,4760,0.2,Finance,Post-IPO,United States,new_ceo_turnaround,ai_denied_but_adjacent,ceo_memo,token_buyer,False,False,engineering|support_ops|customer_service|risk_management|middle_management,AI_Transformation_team|digital_banking_exec|AI_fluent_engineers,"New CEO Enrique Lores (ex-HP Inc., took the helm March 1, 2026) announced cutting ~20% of the 23,800-person workforce as part of a 2-3 year reorg targeting at least $1.5B in annualized run-rate savings and a shift to an 'AI-native operating model.' Announced alongside weaker-than-expected Q1 profit.",cost cutting / AI-native reorg under new CEO,https://www.wsj.com/business/earnings/paypal-to-cut-costs-after-profit-falls-dc42baf9,https://layoffhedge.com/company/paypal
2026-05-05,Coinbase,700,0.14,Crypto,Post-IPO,United States,ai_substitution_claim,direct_substitution,news_inferred,token_buyer,True,False,,,Adjusting cost structure amid crypto market downturn while leveraging AI tools so smaller teams can do more.,AI restructuring,https://techcrunch.com/2026/05/05/coinbase-to-lay-off-14-of-staff-as-part-of-broader-restructuring/,
2026-05-05,Freshworks,500,0.11,Support,Post-IPO,United States,restructuring_vague,direct_substitution,news_with_quote,hybrid,,False,,,"Freshworks cut 11% of its workforce (about 500 jobs) to 'streamline organizational efforts and product development, and increase leverage of AI and automation.' CEO Dennis Woodside said 'over half of our code is written by AI' and that automation reduced 'rote work that technology can take care of.' Cuts span global teams and aim to reduce management layers; announced same day as Q1 2026 earnings beat.",AI restructuring,https://www.reuters.com/business/freshworks-cut-11-jobs-ai-reshapes-software-sector-2026-05-05/,https://www.benzinga.com/markets/tech/26/05/52312892/freshworks-cuts-11-of-workforce-as-ceo-says-over-half-of-our-code-is-written-by-ai
2026-05-05,0G,,0.25,Crypto,Unknown,United States,unknown,unrelated,not_accessible,n/a,,,,,source not accessible,unknown,https://www.businessinsider.com/0g-labs-layoffs-ai-integration-2026-5,
2026-05-05,Careem,,,Transportation,Acquired,United Arab Emirates,demand_collapse,unrelated,news_inferred,n/a,,False,,,"Citing rising inflation, weakening demand, intense competition, and global capital constraints; exiting Pakistan ride-hailing and broader global cost-cutting restructure.",cost cutting,https://en.dailypakistan.com.pk/05-May-2026/careem-layoffs-intensify-after-exit-from-ride-hailing-services-in-pakistan,
2026-05-04,Shopify,30,,Retail,Post-IPO,Canada,unknown,unrelated,not_accessible,token_buyer,True,False,,,source not accessible,unknown,https://thelogic.co/news/exclusive/shopify-layoffs-revenue-operations-restructure/,
2026-04-27,Pentera,40,0.08,Security,Series D,United States,ai_substitution_claim,direct_substitution,news_inferred,token_buyer,,,,,"Focus on core activities and continued development of AI-driven cybersecurity verification products, reallocating resources.",AI restructuring,https://www.calcalistech.com/ctechnews/article/b1ioncnpzl,
2026-04-24,SuperOps,60,0.3,Other,Series C,India,restructuring_vague,ai_pivot_market,news_inferred,hybrid,,,,,"Restructuring to improve operational efficiency and align the company with its long-term AI-focused roadmap, accelerating its transition into an AI-first organization.",AI restructuring,https://inc42.com/buzz/superops-lays-off-30-staff-in-ai-led-restructuring-push/,
2026-04-22,Remarkable,200,,Hardware,Unknown,Norway,restructuring_vague,unrelated,news_inferred,n/a,,False,,,"Declining demand and challenging macroeconomic conditions, including weaker sales and rising component costs driven by the AI industry.",demand decline,https://goodereader.com/blog/remarkable-news/remarkable-is-firing-hundreds-of-staff,
2026-04-21,Epidemic Sound,150,0.33,Media,Private Equity,Sweden,restructuring_vague,ai_pivot_market,news_with_quote,token_buyer,,False,,,EQT-backed Epidemic Sound cut 150 jobs (one-third of staff) to adapt to AI. Interim CEO Sara Borsvik said the move is 'not financially driven' but to align with AI development; company will broaden offering with AI support and eventually offer entirely AI-generated music. Board chair stated 'in principle all previous business models will become obsolete.',AI restructuring,https://www.marketscreener.com/news/eqt-backed-epidemic-sound-to-cut-150-jobs-in-ai-pivot-di-ce7f59dad18efe20,https://www.breakit.se/artikel/46097/epidemic-sound-vill-dra-ner-med-150-tjanster-det-ar-tungt
2026-04-21,GeoComply,68,0.15,Security,Private Equity,United States,restructuring_vague,ai_denied_but_adjacent,news_inferred,token_buyer,,,,,"Strategic evolution to streamline operations, incorporate AI into daily workflows, and stay ahead of shifts in the regulatory and technology landscape.",AI restructuring,https://www.casino.org/news/canadian-gaming-geocomply-workforce-layoffs/,
2026-04-20,Acko,60,0.05,Finance,Unknown,India,ipo_prep,ai_denied_but_adjacent,news_inferred,token_buyer,,,,,"Structural realignment to reset internal operations around AI, framed as a pre-IPO restructuring rather than cost-cutting.",AI restructuring,https://inc42.com/buzz/acko-cuts-5-workforce-in-pre-ipo-restructuring/,
2026-04-16,Sama,1108,,AI,Series B,Kenya,lost_contract_market_exit,unrelated,news_inferred,infra_seller,,False,,,"Meta terminated a major contract with Sama; the company unsuccessfully tried to retain the workstream, forcing redundancies for its Nairobi staff.",lost contract,https://thekenyatimes.com/latest-kenya-times-news/nairobi-based-data-firm-announces-lay-off-of-1108-employees/,
2026-04-16,Shutterfly,80,,Manufacturing,Post-IPO,United States,restructuring_vague,unrelated,news_inferred,n/a,,,,,"Restructuring to streamline work and accelerate delivery, consolidating web and app development teams in the US instead of Israel.",restructuring,https://www.calcalistech.com/ctechnews/article/rkx2avanzg,
2026-04-16,Quora,,,Consumer,Series D,United States,restructuring_vague,unrelated,news_inferred,hybrid,,False,,,"Quora laid off employees across teams - particularly Poe-focused teams and shared SG&A. CEO Adam D'Angelo: 'Poe had been funding its growth with support from Quora, and we decided that it was time for Poe to stand on its own financially and fund its own growth.' Also: 'The world is changing rapidly with the rise of AI, and we see incredible potential to apply it to greatly improve both of our products, while maintaining financial independence for both of them through smaller, more focused teams.'",AI restructuring,https://quorablog.quora.com/Update?ch=10&oid=246876762&share=572b9cd0&srid=57WTZa&target_type=post,https://laffaz.com/quora-layoffs-poe-adam-dangelo/
2026-04-15,Snap,1000,0.16,Consumer,Post-IPO,United States,ai_substitution_claim,direct_substitution,ceo_memo,token_buyer,True,False,Snapchat_core_engineering|product|operations|ad_partnerships|trust_safety,Specs_Inc_AR_engineers|Lens_Studio|Qualcomm_collab_SoC|camera_AI_ranking_ML,"CEO Evan Spiegel: company has reached 'a crucible moment' requiring 'a new way of working that is faster and more efficient.' Cited AI as helping staff work faster, reducing 'repetitive work' and enabling smaller teams. 16% of global workforce plus ~300 open roles closed; targets $500M+ in annualized cost savings by H2 2026. Stock jumped on the news.",AI efficiency / cost cutting,https://www.cnbc.com/2026/04/15/snap-stock-layoffs-16-percent-workforce.html,https://variety.com/2026/digital/news/snap-layoffs-snapchat-ceo-evan-spiegel-cites-ai-1236722228/
2026-04-15,UKG,950,,HR,Unknown,United States,new_ceo_turnaround,ai_pivot_market,news_inferred,token_buyer,,,,,"CEO Jennifer Morgan (joined 2024) is restructuring UKG into an 'AI-first company,' citing the need to streamline operations and realign resources with evolving customer demands. ~600 employees left immediately, ~350 stayed for transition. Hits Sunrise and Weston, FL offices hard; follows a prior 2,200-person (14%) cut in late 2024. Owned by PE firm Hellman & Friedman since 2019.",AI-first restructuring,https://www.sun-sentinel.com/2026/04/16/ukg-formerly-ultimate-software-lays-off-950-employees-many-from-south-florida-offices/,https://cbs12.com/news/florida/ukg-announces-950-layoffs-affecting-a-large-number-of-workers-in-south-florida-offices-ultimate-kronos-group-jobs-reductions-restructuring-
2026-04-15,Taboola,100,0.05,Marketing,Post-IPO,United States,restructuring_vague,unrelated,news_inferred,n/a,,,,,Strategic realignment; the company is continuing to hire in parallel while accelerating expansion of its DeeperDive product with major media partners.,restructuring,https://www.calcalistech.com/ctechnews/article/hku03an3bg,
2026-04-15,Swyftx,37,0.15,Crypto,Unknown,Australia,m_and_a_consolidation,unrelated,news_inferred,n/a,,,,,"Restructuring to remove duplication, simplify operations, and capture efficiencies following two major acquisitions that increased company size and complexity.",post-acquisition restructuring,https://finance.yahoo.com/markets/crypto/articles/major-crypto-firm-replaces-ceo-233517857.html,
2026-04-15,Nayax,32,0.03,Finance,Post-IPO,Israel,restructuring_vague,unrelated,news_inferred,n/a,,,,,"Ongoing management processes and organizational adjustments in line with market developments and customer needs, framed as routine efficiency work.",restructuring,https://www.calcalistech.com/ctechnews/article/h1edoi6nbl,
2026-04-15,Productboard,,0.3,Product,Series D,United States,strategic_pivot,ai_pivot_market,news_inferred,token_buyer,,,,,"Transformation into an AI-only organization focused on its Productboard Spark product, citing that AI is collapsing the process layer of building software.",AI pivot,https://www.linkedin.com/pulse/productboard-going-ai-only-heres-what-means-hubert-palan-h1ozc/?trackingId=xrFN60pCTAaxJwMPkmzg1Q%3D%3D,
2026-04-14,GoCardless,90,,Finance,Series G,United Kingdom,path_to_profitability,unrelated,news_inferred,n/a,,,,,"Restructuring to achieve profitability, with the company targeting cash-generative status by June 2026.",profitability push,https://www.cityam.com/gocardless-to-axe-90-jobs-as-uk-fintech-eyes-profitability/,
2026-04-13,Eventbrite,,,Consumer,Acquired,United States,m_and_a_consolidation,unrelated,not_accessible,token_buyer,,,,,source not accessible,post-acquisition restructuring,https://www.reuters.com/technology/bending-spoons-cuts-eventbrite-staff-rolls-out-product-changes-after-takeover-2026-04-13/,
2026-04-13,StarkWare,,,Crypto,Series D,Israel,strategic_pivot,unrelated,news_inferred,n/a,,,,,"Shifting focus from infrastructure and research toward revenue-generating products, becoming more agile and commercially focused.",pivot to revenue,https://www.calcalistech.com/ctechnews/article/sy7u2uq3wx,
2026-04-12,Esh Group,,,Finance,Acquired,Israel,restructuring_vague,unrelated,news_inferred,n/a,,,,,"Organizational restructuring to align with technological developments and newly signed customer agreements, following the sale of Esh Bank to Isracard.",restructuring,https://www.calcalistech.com/ctechnews/article/rjyjkbf2zl,
2026-04-10,Life360,,,Consumer,Post-IPO,United States,unknown,unrelated,not_accessible,token_buyer,,,,,source not accessible,AI restructuring,https://www.9news.com.au/national/life360-culls-jobs-in-restructure-to-ainative-company/17cc5c9f-d081-44fc-95e2-970e4f36a89b,
2026-04-09,Cars.com,,0.11,Transportation,Acquired,United States,unknown,unrelated,not_accessible,token_buyer,,,,,source not accessible,AI restructuring,https://www.marketwatch.com/story/cars-com-to-lay-off-11-of-full-time-workforce-amid-ai-push-update-bb0c9f35,
2026-04-09,Pepper Pay,,1,Finance,Unknown,United States,shutdown_bankruptcy,unrelated,news_inferred,n/a,,,,,"Bankruptcy filing; company had only $665K in assets against $3.4M in liabilities, including approximately $2.9M owed to TSYS/Global Payments.",shutdown,https://www.americanbanker.com/news/payments-fintech-pepper-pay-declares-bankruptcy,
2026-04-08,IAC,77,0.02,Consumer,Post-IPO,United States,restructuring_vague,unrelated,news_inferred,n/a,,,,,"Consolidating corporate functions with its People Inc. business as part of a rebrand and reorganization, expected to save about $40M annually.",restructuring,https://variety.com/2026/digital/news/barry-diller-iac-name-people-incorporated-layoffs-1236732057/,
2026-04-07,GoPro,145,0.23,Consumer,Post-IPO,United States,cost_cutting,unrelated,news_inferred,n/a,,,,,GoPro board approved a restructuring plan eliminating 145 jobs (23% of 631-person workforce) to lower costs and improve operating margins. Plan costs $11.5-15M in severance/healthcare. Follows 2025 revenue decline including $9M Q4 loss. Company is also reportedly weighing a sale or merger.,cost cutting,https://www.wsj.com/business/gopro-to-eliminate-23-of-workforce-in-cost-cutting-move-ca5ba06b,https://petapixel.com/2026/04/08/gopro-to-lay-off-23-of-its-workforce-this-year/
2026-04-07,Pendo,90,0.1,Product,Series F,United States,ai_substitution_claim,direct_substitution,news_inferred,token_buyer,,,,,"Reorganization amid a dramatically changing technology landscape, 'refounding' the company to move quickly and serve clients building AI agents.",AI restructuring,https://www.axios.com/local/raleigh/2026/04/07/raleigh-software-unicorn-pendo-layoffs-jobs,
2026-04-05,Bolt,,0.33,Finance,Series E,United States,restructuring_vague,ai_denied_but_adjacent,news_inferred,token_buyer,,,,,"Becoming a leaner organization that leverages AI more centrally, citing that operating in 2026 is very different from prior years.",AI restructuring,https://www.pymnts.com/digital-payments/2026/bolt-cuts-third-of-staff-amid-new-ai-focus/,
2026-04-03,Welltech,225,0.3,Fitness,Unknown,Cyprus,restructuring_vague,unrelated,news_inferred,n/a,,,,,"Reorganization and a change in focus, coinciding with recent CEO and C-level leadership changes.",restructuring,https://dev.ua/en/news/potentsiini-zvilnennia-u-welltech-1775220022,
2026-04-03,NeuroPixel.AI,,1,Retail,Seed,India,shutdown_bankruptcy,ai_pivot_market,news_inferred,compute_seller,,,,,"Shutdown due to limited business penetration, rising competition from large tech players' advanced image generation models, and financial strain from a lost major client.",shutdown,https://entrackr.com/news/flipkart-backed-neuropixelai-shuts-operations-amid-financial-strain-11448982,
2026-04-03,Vimeo,132,,Consumer,Post-IPO,United States,cost_cutting,unrelated,news_inferred,n/a,,,,,"Vimeo filed a WARN notice April 1 to lay off 132 employees at its 330 W. 34th St Midtown Manhattan office, effective April 20 - about 25% of NYC staff. Second major reduction since Bending Spoons closed its $1.38B acquisition in late 2025; follows the January round that eliminated most of the global staff including core video engineering.",cost cutting,https://hoodline.com/2026/04/vimeo-axes-quarter-of-midtown-staff-after-billion-dollar-takeover/,https://whatnow.com/new-york/local-news/new-york-based-video-platform-to-layoff-130-employees/
2026-04-02,Meta,200,,Consumer,Post-IPO,United States,ai_capex_reallocation,capex_funding,news_inferred,vertical_builder,True,False,Bay_Area_ICs_RL_AR_infra,,source not accessible,restructuring,https://www.sfchronicle.com/tech/article/meta-layoffs-silicon-valley-22186184.php,
2026-04-02,MARA,,0.15,Crypto,Post-IPO,United States,cost_cutting,unrelated,not_accessible,n/a,,,,,source not accessible,cost cutting,https://blockspace.media/insight/bitcoin-miner-mara-conducts-company-wide-layoffs/,
2026-04-01,Sonos,,,Consumer,Post-IPO,United States,cost_cutting,unrelated,news_inferred,n/a,,,,,"Sonos cut numerous marketing staff as new CMO Colleen DeCourcy consolidated marketing into five core global functions. DeCourcy described the prior structure as 'overly fragmented, with overlapping roles and multiple handoffs.' Framed as simplification rather than cost-cutting; not performance related. Coincided with launch of first new consumer hardware in over a year. Specific headcount not disclosed.",restructuring,https://www.bloomberg.com/news/articles/2026-04-01/sonos-makes-marketing-cuts-as-new-cmo-reshapes-division,https://startuptalky.com/news/sonos-cuts-marketing-jobs/
2026-03-31,Oracle,30000,,Other,Post-IPO,United States,ai_capex_reallocation,capex_funding,news_with_quote,compute_seller,False,False,Oracle_Health_Cerner|SVOS_support|NetSuite_devs|OCI_legacy_sales|customer_support|QA_testers|documentation|middle_management|India_dev_centers,data_center_technicians_no_degree|AI_infra_engineers|MLOps|OCI_AI_sales|Stargate_buildout,"Mass layoff (~18% of 162k workforce) executed without HR/manager warning to redirect headcount spend into a ~$50B FY26 AI capex push (Nvidia GB300 racks, AMD MI355X clusters, and the 4.5GW Stargate data-center buildout tied to OpenAI's $300B compute contract). Larry Ellison is betting Oracle's next decade on more compute; the cuts happened despite Q3 FY26 GAAP net income of $3.7B (+27% YoY) and RPO of $553B (+325% YoY).",AI capex reallocation,https://www.cnbc.com/2026/03/31/oracle-layoffs-ai-spending.html,https://thenextweb.com/news/oracle-layoffs-march-2026
2026-03-31,Monzo,50,,Finance,Series F,United Kingdom,lost_contract_market_exit,unrelated,not_accessible,n/a,,,,,source not accessible,market exit,https://www.bloomberg.com/news/articles/2026-03-31/fintech-monzo-shutting-down-us-operations-to-focus-on-uk-europe,
2026-03-31,Covrzy,,1,Finance,Seed,India,shutdown_bankruptcy,unrelated,news_inferred,n/a,,,,,"Persistent cash crunch and inability to secure funding, compounded by the CTO's resignation and two attempted acquisition deals falling through.",shutdown,https://inc42.com/buzz/antler-backed-covrzy-shuts-down-due-to-cash-crunch/,
2026-03-31,Rec Room,,1,Consumer,Series F,United States,shutdown_bankruptcy,unrelated,news_inferred,n/a,,,,,"Shutdown due to inability to reach profitability amid the shift in the VR market and broader gaming headwinds, with expenses outpacing revenue despite 150M players.",shutdown,https://techcrunch.com/2026/03/31/social-gaming-platform-rec-room-once-valued-at-3-5b-is-shutting-down/,
2026-03-31,Yupp,,1,AI,Seed,United States,shutdown_bankruptcy,ai_pivot_market,news_inferred,token_buyer,,,,,Shutdown due to failure to reach strong product-market fit as AI models improved rapidly and the industry shifted toward specialized experts rather than crowdsourced feedback.,shutdown,https://techcrunch.com/2026/03/31/yupp-ai-shuts-down-33m-a16z-crypto-chris-dixon/,
2026-03-27,Enpal,100,,Energy,Series E,Germany,restructuring_vague,unrelated,news_inferred,n/a,,False,,,"Dissolved an entire customer service department (Customer GmbH) and restructured it, with affected employees asked to reapply for their jobs; underlying business rationale not detailed.",restructuring,https://www.businessinsider.de/gruenderszene/business/enpal-alle-zugaenge-kurz-nach-bekanntgabe-gesperrt-fast-100-mitarbeiter-entlassen/,
2026-03-26,Monte Carlo,,0.3,Data,Series D,United States,ai_substitution_claim,direct_substitution,news_inferred,token_buyer,,,,,"Restructuring to align with AI-driven productivity gains, reorganizing to be flatter and faster with AI-first products and workflows.",AI restructuring,https://www.linkedin.com/feed/update/urn:li:activity:7442678720647184385/,
2026-03-26,Quandoo,,1,Food,Acquired,Germany,shutdown_bankruptcy,unrelated,news_inferred,n/a,,,,,Decision to cease operations in a planned and orderly manner; underlying business factors not disclosed in the article.,shutdown,https://finance.yahoo.com/markets/stocks/articles/quandoo-shut-restaurant-booking-platform-112913577.html,
2026-03-25,Meta,700,0.01,Consumer,Post-IPO,United States,ai_capex_reallocation,capex_funding,news_with_quote,vertical_builder,True,False,Reality_Labs|Facebook_social|recruiting_TA|ad_sales|global_operations,AI_infra|AI_monetization,"~700 jobs cut across Facebook social, global operations, recruiting, sales, and Reality Labs (the biggest hit). Internal memo framed it as sharpening operations to free up resources for AI; some employees offered new roles (some requiring relocation). Coincided with record AI capex guidance ($125-145B for 2026, more than 2x 2025), shifting resources away from AR hardware.",AI restructuring,https://www.nytimes.com/2026/03/25/technology/meta-layoffs-ai-executives.html?unlocked_article_code=1.V1A.GoAa.Bb73ytbBTorE,https://dataconomy.com/2026/03/26/meta-layoffs-hundreds-2026/
2026-03-24,Epic Games,1000,,Consumer,Unknown,United States,demand_collapse,unrelated,news_inferred,n/a,,False,,,"Cited a downturn in Fortnite engagement starting in 2025 that caused spending to outpace revenue, along with industry-wide headwinds (slower growth, weaker spending, console softness); Epic explicitly said the cuts were not AI-related.",cost cutting,https://www.epicgames.com/site/en-US/news/todays-layoffs,
2026-03-24,Zendesk,100,,Support,Acquired,United States,ai_substitution_claim,direct_substitution,ceo_memo,token_buyer,,,,,"Zendesk conducted cuts in late March 2026 amid its AI push - completed acquisition of Forethought (an AI agent platform) on March 26, 2026, enabling autonomous AI agents that handle ~80% of support tickets. Specific public reporting on the March 24 internal memo not surfaced; cuts align with broader Zendesk strategy of shifting customer support functions to AI agents (a continuation of multiple PE-era rounds).",AI restructuring,Internal memo,https://techcrunch.com/2026/03/11/zendesk-acquires-agentic-customer-service-startup-forethought/
2026-03-24,OpenText,,,Data,Post-IPO,Canada,restructuring_vague,unrelated,news_inferred,hybrid,,False,,,Company spokesperson said it regularly evaluates its organization to ensure alignment with strategic priorities and long-term growth.,restructuring,https://betakit.com/opentext-employees-report-job-cuts-tied-to-apparent-restructuring/,
2026-03-23,Spotify,15,,Media,Post-IPO,Sweden,cost_cutting,unrelated,news_inferred,hybrid,,False,,,"Spotify said the podcast group cuts were intended to improve execution, speed, and alignment across teams, and were 'not about cost-cutting,' with continued investment in multiformat content and video.",restructuring,https://variety.com/2026/digital/news/spotify-podcast-layoffs-the-ringer-spotify-studios-1236697019/,
2026-03-20,Gemini,,0.3,Crypto,Unknown,United States,lost_contract_market_exit,ai_denied_but_adjacent,news_inferred,token_buyer,,,,,"Company cited deploying AI tools to increase productivity amid heavy losses (~$587M-$602M for 2025), market exits (UK, EEA, Australia), and a pivot to prediction markets and a 'super app' model to support a path to profitability.",AI restructuring,https://www.bloomberg.com/news/articles/2026-03-19/winklevosses-says-jobs-cuts-at-gemini-exchange-reach-30?embedded-checkout=true,
2026-03-19,Crypto.com,,0.12,Crypto,Unknown,Singapore,strategic_pivot,direct_substitution,news_with_quote,token_buyer,,False,,,"CEO Kris Marszalek said the cuts targeted 'roles that do not adapt' to AI, framing it as an urgent pivot to embed AI across operations or risk being left behind.",AI restructuring,https://www.cnbc.com/2026/03/19/crypto-com-layoffs-12percent-ai-job-loss.html,
2026-03-19,Snowflake,,,Data,Post-IPO,United States,restructuring_vague,direct_substitution,news_inferred,compute_seller,,,,,"Eliminated its entire technical writing and documentation team (~70 roles) as 'targeted adjustments' tied to its AI strategy, freeing budget for AI talent and Cortex agents following a $200M OpenAI partnership that automated documentation work.",AI restructuring,https://www.businessinsider.com/snowflake-layoffs-strategy-ai-growth-2026-3,
2026-03-17,FranShares,,1,Finance,Seed,United States,shutdown_bankruptcy,unrelated,news_inferred,n/a,,,,,Chicago franchise-investing startup shut down operations (100% staff impacted); specific public rationale was not detailed beyond the company-wide closure.,shutdown,https://www.bizjournals.com/chicago/news/2026/03/17/franshares-chicago-startup-shuts-down.html,
2026-03-16,Dell,11000,0.1,Hardware,Post-IPO,United States,ai_capex_reallocation,capex_funding,press_release_sec,infra_seller,,,,,"Annual filing attributed the 10% workforce reduction to ongoing restructuring and cost controls (reorganizations, limited external hiring) as Dell shifts investment toward AI-optimized servers while managing weak PC demand.",AI restructuring,https://www.reuters.com/business/world-at-work/dell-workforce-drops-10-fiscal-2026-filing-shows-2026-03-16/,
2026-03-13,Stone,400,0.03,Finance,Post-IPO,Brazil,restructuring_vague,ai_denied_but_adjacent,news_inferred,token_buyer,,,,,"Company said the layoffs were part of restructuring aimed at greater efficiency, including advances in AI initiatives that contributed to the ~3% headcount reduction.",AI restructuring,https://jovempan.com.br/noticias/economia/stone-faz-demissao-em-massa-e-desliga-cerca-de-400-funcionarios.html,
2026-03-13,Loopio,36,0.12,Sales,Private Equity,Canada,cost_cutting,unrelated,news_inferred,n/a,,False,,,"Cited market conditions and a need to better align the organization with areas of greatest impact on product, customer experience, and sustainable growth.",cost cutting,https://betakit.com/citing-market-conditions-loopio-cuts-12-percent-of-staff/,
2026-03-13,Digg,,,Consumer,Acquired,United States,ai_substitution_claim,direct_substitution,news_with_quote,token_buyer,,,,,"CEO Justin Mezzell said sophisticated AI agents and bot spam had overwhelmed Digg's user-voting model, making it impossible to trust content rankings, forcing a retool and app shutdown.",pivot,https://techcrunch.com/2026/03/13/digg-lays-off-staff-and-shuts-down-app-as-company-retools/,
2026-03-11,Atlassian,1600,0.1,Other,Post-IPO,Australia,strategic_pivot,ai_pivot_market,news_with_quote,token_buyer,True,False,,,"CEO Mike Cannon-Brookes said the company is pivoting toward AI and reorganizing for the AI era, changing the mix of skills and roles needed.",AI restructuring,https://au.finance.yahoo.com/news/atlassian-lay-off-1-600-212610757.html?guccounter=1,
2026-03-10,InvestCloud,150,,Finance,Private Equity,United States,restructuring_vague,unrelated,news_inferred,n/a,,,,,"No publicly stated reason; cuts were concentrated in the digital wealth division (financial planning, advisor and client experience software).",unknown,https://citywire.com/ria/news/investcloud-lays-off-150-sources/a2485606,
2026-03-06,Flipkart,500,,Retail,Acquired,India,restructuring_vague,unrelated,news_inferred,token_buyer,,False,,,"Company said the cuts were part of its regular annual performance review process, through which a small percentage of employees transition out.",performance review,https://inc42.com/buzz/flipkart-lays-off-about-500-employees-post-annual-performance-review/,
2026-03-05,SSense,215,,Retail,Series A,Canada,cost_cutting,unrelated,news_inferred,n/a,,,,,"Company reported 'economic reasons' to the Quebec government as the basis for terminations, with some staff previously on temporary layoff status.",cost cutting,https://betakit.com/ssense-cut-more-than-200-jobs-days-after-founders-won-bid-to-buy-back-company/,
2026-03-04,Supernal,296,0.8,Transportation,Unknown,United States,strategic_pivot,unrelated,news_inferred,n/a,,False,,,Hyundai-backed eVTOL startup called the cuts 'a strategic pivot to ensure our staffing and cost structures are optimized for the long-term delivery of our market-aligned aircraft design' after lagging competitors and pausing flight testing.,pivot,https://www.latimes.com/business/story/2026-03-04/irvine-startup-lays-off-close-to-300-employees,
2026-03-04,Envato,200,0.3,Marketing,Unknown,Australia,restructuring_vague,ai_denied_but_adjacent,news_inferred,token_buyer,,,,,"CEO Hichame Assi cited the need to respond to rapidly changing customer expectations and to reduce operating costs in order to invest further in product, marketing, and AI.",AI restructuring,https://www.startupdaily.net/advice/business-strategy/shutterstock-owned-envato-is-slashing-its-workforce/,
2026-03-04,Amazon,100,,Retail,Post-IPO,United States,ai_substitution_claim,direct_substitution,news_inferred,hybrid,,,,,Robotics unit cuts attributed to routine organizational reviews to ensure teams are set up to innovate and deliver for customers; broader Amazon reductions have been tied to AI-driven operational effectiveness.,AI restructuring,https://finance.yahoo.com/news/amazon-cuts-more-jobs-time-212928090.html,
2026-03-04,At-Bay,25,,Security,Unknown,United States,path_to_profitability,unrelated,news_with_quote,n/a,,False,,,CEO Rotem Iram said the R&D layoffs were part of a transition to operating profit while maintaining At-Bay's position in cyber insurance.,cost cutting,https://www.calcalistech.com/ctechnews/article/bye11uubkwe,
2026-03-03,MicroVision,49,,Other,Post-IPO,United States,restructuring_vague,unrelated,news_inferred,n/a,,False,,,"Cuts were part of a plan to consolidate Redmond engineering, manufacturing, supply chain, and quality activities into a new Orlando facility to reduce operating expenses and align resources with strategic priorities.",restructuring,https://www.bizjournals.com/seattle/news/2026/03/03/microvision-lidar-redmond-layoffs-warn-cars.html,
2026-03-02,Verint Systems,,,Security,Acquired,United States,m_and_a_consolidation,ai_denied_but_adjacent,news_inferred,n/a,,,,,"Post-Thoma Bravo acquisition consolidation: Verint is being combined with Calabrio to build an AI-driven CX platform, with cuts focused on overlapping roles, overhead, and tightening R&D/go-to-market budgets.",M&A consolidation,https://www.calcalistech.com/ctechnews/article/rjpmvvqf11l,
2026-02-28,Zap Africa,,0.44,Finance,Seed,Nigeria,ai_substitution_claim,direct_substitution,news_inferred,token_buyer,,,,,"CTO described it as an 'AI-driven efficiency shift,' aligning operating costs with revenue-generating activities and trimming the team from 18 to 10 to match product priorities.",AI restructuring,https://techcabal.com/2026/02/28/zap-africa-layoffs/,
2026-02-26,Block,4000,0.4,Finance,Post-IPO,United States,ai_substitution_claim,direct_substitution,news_with_quote,token_buyer,True,False,,,"CEO Jack Dorsey said Block is shifting to operate with 'smaller, highly talented teams using AI to automate more work,' explicitly stating the business is strong and the cuts are an AI-driven structural change.",AI restructuring,https://www.cnbc.com/2026/02/26/block-laying-off-about-4000-employees-nearly-half-of-its-workforce.html,
2026-02-26,Ocado,1000,0.05,Food,Post-IPO,United Kingdom,cost_cutting,unrelated,news_inferred,n/a,,,,,"Targeting GBP150M in technology and support cost savings to achieve cash-flow positivity in fiscal 2025/26; cuts focused on UK head-office tech and back-office roles, including roughly half from R&D.",cost cutting,https://www.theguardian.com/business/2026/feb/26/ocado-to-cut-1000-jobs-in-150m-cost-cutting-drive,
2026-02-26,eBay,800,0.06,Retail,Post-IPO,Israel,restructuring_vague,capex_funding,news_inferred,n/a,,,,,"Company said it is reinvesting and aligning its structure with strategic priorities, based on operating model needs and areas of duplication; cuts followed eBay's $1.2B Depop acquisition.",restructuring,https://www.cnbc.com/2026/02/26/ebay-layoffs-800-workforce.html,
2026-02-25,C3.ai,280,0.26,AI,Series F,United States,ai_substitution_claim,direct_substitution,news_with_quote,compute_seller,,,,,CEO Stephen Ehikian said the cost structure was 'simply too high' after aggressive 2024-25 hiring outpaced slower enterprise AI adoption; also cites AI-driven efficiency. Came alongside a wider loss and stock drop.,cost cutting,https://www.morningstar.com/stocks/xnys/ai/earnings-transcript,
2026-02-25,Deliveroo,187,,Food,Post-IPO,United Kingdom,lost_contract_market_exit,unrelated,news_inferred,n/a,,,,,"DoorDash, which acquired Deliveroo, closed Qatar and Singapore operations following a review of country-specific conditions, framed as aligning with long-term value for customers, merchants, and riders.",market exit,https://in.investing.com/news/company-news/doordash-closes-deliveroo-operations-in-qatar-and-singapore-93CH-5256077,
2026-02-24,WiseTech,2000,0.3,Logistics,Post-IPO,Australia,ai_substitution_claim,direct_substitution,news_with_quote,token_buyer,,,,,"CEO Zubin Appoo declared 'the era of manually writing code as the core act of engineering is over,' with AI displacing software development and customer service work across 40 countries.",AI restructuring,https://www.bloomberg.com/news/articles/2026-02-24/wisetech-to-cut-2-000-jobs-as-ai-ends-era-of-manual-coding,
2026-02-24,TrueCar,100,0.3,Transportation,Post-IPO,United States,restructuring_vague,unrelated,news_inferred,n/a,,False,,,"After going private under founder Scott Painter, TrueCar refocused on profitability and its core mission, eliminating unprofitable initiatives (TrueCar+, TCMS, TCWS) that had consumed over half of company resources.",restructuring,https://aimgroup.com/2026/02/24/truecar-cuts-30-of-staff/,
2026-02-24,DraftKings,,,Consumer,Post-IPO,United States,cost_cutting,direct_substitution,news_inferred,token_buyer,,,,,"Company is reducing general and administrative costs amid a broader reorganization; AI is central to its evolving cost structure (automated RFPs, coding assistance, chatbots) and prediction market competition pressures.",AI restructuring,https://next.io/news/people/draftkings-reduces-workforce-company-embraces-ai/,
2026-02-20,Livspace,1000,0.12,Consumer,Series F,India,ai_substitution_claim,direct_substitution,news_inferred,token_buyer,,,,,"Company attributed the cuts to integration of advanced AI agents and automation across sales, operations, design, and marketing, framing it as a strategic AI pivot rather than cost-cutting.",AI restructuring,https://inc42.com/buzz/livspace-fires-1000-employees-cofounder-quits/,
2026-02-20,Lucid Motors,,0.12,Transportation,Post-IPO,United States,cost_cutting,unrelated,news_with_quote,n/a,,False,,,Interim CEO Marc Winterhoff said the cuts will 'improve operational effectiveness and optimize our resources' as Lucid pursues profitability.,cost cutting,https://techcrunch.com/2026/02/20/lucid-motors-slashes-12-of-its-workforce-as-it-seeks-profitability/,
2026-02-19,Codecademy,,,Education,Acquired,United States,restructuring_vague,unrelated,news_inferred,token_buyer,,False,,,"Skillsoft did not publicly detail the rationale; the entire Codecademy curriculum team was eliminated, confirmed via employee LinkedIn posts rather than an official statement.",unknown,https://www.edtechinnovationhub.com/news/skillsoft-lays-off-entire-codecademy-curriculum-team-senior-leader-confirms,
2026-02-17,Cyberark,500,0.12,Security,Acquired,United States,m_and_a_consolidation,unrelated,news_inferred,n/a,,,,,"No explicit public statement; layoffs appear tied to post-merger consolidation with Palo Alto Networks, focused on overlapping sales, operational, and administrative roles created by the combination.",M&A consolidation,https://www.calcalistech.com/ctechnews/article/hy707511ube,
2026-02-15,Huawei,50,,Hardware,Unknown,Israel,restructuring_vague,unrelated,news_inferred,hybrid,,False,,,"Company said it is undergoing organizational restructuring to improve efficiency and sharpen business focus, with some staff being integrated into other business units.",restructuring,https://www.calcalistech.com/ctechnews/article/bkmmdojuwx,
2026-02-15,Axonius,40,0.04,Security,Series E,United States,ipo_prep,unrelated,news_inferred,token_buyer,,False,,,Company said the cuts were part of refining its organizational structure and ensuring operational discipline and efficiency as it matures and prepares for an IPO.,IPO prep,https://www.calcalistech.com/ctechnews/article/s1xchi1oze,
2026-02-15,Firebolt,,,Data,Series C,Israel,ai_substitution_claim,direct_substitution,news_inferred,compute_seller,,,,,"Management said expanded AI-driven capabilities now reduce the need for a large engineering organization, citing a strategic shift to improve efficiency in a new technological era.",AI restructuring,https://www.calcalistech.com/ctechnews/article/r1cj0csuwl,
2026-02-12,Clari,76,,Sales,Acquired,United States,m_and_a_consolidation,ai_denied_but_adjacent,news_inferred,token_buyer,,,,,"Restructuring after the SalesLoft merger to eliminate overlapping sales, marketing, and engineering roles and accelerate investment in AI-powered revenue intelligence capabilities.",M&A consolidation,https://www.bizjournals.com/sanjose/news/2026/02/12/clari-salesloft-merger-ai-investments-layoffs.html,
2026-02-11,Glossier,50,0.33,Retail,Series E,United States,new_ceo_turnaround,unrelated,news_inferred,n/a,,False,,,"Under new CEO Colin Walsh, Glossier said it is being 'reshaped' into smaller, more agile teams to restore operational discipline, sharpen brand positioning, and reignite growth after years of slowed momentum.",restructuring,https://www.businessoffashion.com/news/cosmetics/glossier-layoffs-2026/,
2026-02-11,Dayforce,,0.05,HR,Post-IPO,Canada,unknown,unrelated,not_accessible,n/a,,,,,source not accessible,unknown,Internal memo,
2026-02-10,Fi.Money,,0.4,Finance,Series C,India,strategic_pivot,unrelated,not_accessible,n/a,,,,,source not accessible,pivot,https://www.moneycontrol.com/technology/neobanking-fintech-fimoney-pivots-to-b2b-lays-off-staff-in-consumer-business-article-13822324.html#goog_rewarded,
2026-02-09,Salesforce,,,Sales,Post-IPO,United States,restructuring_vague,unrelated,news_inferred,hybrid,,False,,,"Salesforce quietly laid off fewer than 1,000 roles on Feb 10, 2026, mostly in marketing, product management, data analytics, Agentforce, and Heroku - not formally announced. Came amid executive reshuffle: 6 new execs replacing 5 who exited since December, with Joe Inzerillo leading the merger of Agentforce and Slack. Benioff has previously cited cutting customer support from ~9,000 to ~5,000 via AI tools.",AI restructuring,https://www.businessinsider.com/salesforce-cuts-jobs-executive-changes-2026-2,https://www.salesforceben.com/salesforce-lays-off-nearly-1000-employees-in-early-2026-cuts/
2026-02-04,Workday,400,0.02,HR,Post-IPO,United States,restructuring_vague,unrelated,news_inferred,token_buyer,,,,,"Workday cut 400 employees (about 2%) concentrated almost entirely in Global Customer Operations (Customer Success, Adoption Services, Customer Support, implementation enablement). Disclosed via regulatory filing; restructuring expected to drive ~$135M in charges and be completed by late April 2026. Follows a much larger 1,600-job round one year earlier.",restructuring,https://www.bloomberg.com/news/articles/2026-02-04/workday-to-cut-about-400-employees-focused-on-customer-support,https://www.theregister.com/2026/02/04/workday_layoffs_400_jobs/
2026-02-04,Rewire,110,,Finance,Acquired,Israel,restructuring_vague,unrelated,news_inferred,n/a,,,,,"Parent Remitly is consolidating R&D to other global locations to streamline operations, reduce complexity, and focus on its most significant growth engines in cross-border money transfers.",restructuring,https://www.calcalistech.com/ctechnews/article/bkxy2fwv11g,
2026-02-04,Smartsheet,,,Other,Post-IPO,United States,cost_cutting,unrelated,news_inferred,token_buyer,,,,,"Smartsheet quietly cut staff in Feb 2026 affecting engineers, marketing managers, project managers and others. Statement: company 'recently made organizational changes to better align our resources with our long-term business priorities.' Headcount of cut not disclosed. Follows ~120-person October round and Smartsheet's $8.4B take-private deal by Blackstone/Vista, with investors known for pushing higher margins.",cost cutting,https://www.geekwire.com/2026/smartsheet-layoffs-enterprise-software-giant-cuts-staff/,https://www.geekwire.com/2026/smartsheet-layoffs-enterprise-software-giant-cuts-staff/
2026-02-02,Zillow,200,,Real Estate,Post-IPO,United States,restructuring_vague,unrelated,news_inferred,n/a,,,,,"Zillow let go ~200 employees (about 2%) in performance-based reductions tied to its annual review process. Spokesperson: 'After thoughtful consideration, we made the decision to separate a small number of employees whose performance did not meet expectations,' adding 'This decision is not connected to market conditions or recent business developments.' Primarily engineering, product, and sales.",performance,https://www.seattletimes.com/business/real-estate/seattle-based-zillow-lays-off-200-employees/,https://www.geekwire.com/2026/zillow-lets-go-of-200-employees-in-performance-related-reductions-at-real-estate-company/
2026-02-02,Zipcar,126,,Transportation,Acquired,United States,restructuring_vague,unrelated,news_inferred,n/a,,,,,Parent Avis Budget Group is consolidating Zipcar's Boston headquarters to New Jersey as part of broader corporate restructuring to make Zipcar run more efficiently in the long term.,restructuring,https://www.boston.com/news/business/2026/02/02/zipcar-to-close-seaport-headquarters-cut-more-than-100-jobs/,
2026-02-01,Expedia,100,,Travel,Post-IPO,United States,restructuring_vague,unrelated,news_inferred,n/a,,False,,,"Expedia is simplifying its structure and reducing organizational layers to move faster, while remaining disciplined about assessing the skills it needs for the future.",restructuring,https://finance.yahoo.com/news/expedia-cut-100-jobs-austin-161917994.html?guccounter=1,
2026-01-30,Zupee,200,,Consumer,Series B,India,shutdown_bankruptcy,unrelated,news_inferred,n/a,,,,,"Zupee cut ~200 employees in a second phase of cost rationalization following India's August 2025 Promotion and Regulation of Online Gaming Act, which banned real-money gaming. Total cuts now ~370 across two rounds. Primarily affected tech and customer support; Zupee Studio (micro-drama vertical) was spared. Continuing health insurance and offering career transition support.",shutdown,https://yourstory.com/2026/01/zupee-cuts-about-200-jobs-in-second-layoff-after-money-gaming-ban,https://inc42.com/buzz/zupee-lays-off-around-200-employees-to-focus-on-short-video-content/
2026-01-30,Peloton,,0.11,Fitness,Post-IPO,United States,cost_cutting,unrelated,news_inferred,n/a,,False,,,Peloton cut 11% of staff in a cost-cutting move primarily affecting engineering and enterprise teams. CEO Peter Stern informed staffers; second major reduction in six months after a 6% August 2025 cut. Targeting at least $100M in annual spending cuts through 2026. Came months after the weak-selling October 2025 Cross Training Series launch with Peloton IQ AI hardware.,cost cutting,https://www.reuters.com/business/peloton-cuts-11-staff-including-engineering-teams-bloomberg-news-reports-2026-01-30/,https://www.techbuzz.ai/articles/peloton-cuts-11-of-staff-months-after-ai-hardware-launch
2026-01-29,Kiwi.com,250,0.36,Travel,Unknown,Czech Republic,restructuring_vague,unrelated,ceo_memo,n/a,,,,,"Kiwi.com cut 250 of 700 employees (36%) in its second round since 2024. CEO Oliver Dlouhy told staff: 'Delivering both, at scale and over time, requires clear priorities, fast execution, and a structure designed to support the next phase of Kiwi.com,' and that the company will operate 'with a smaller team, optimized for speed and autonomy.' Refocusing on low fares.",restructuring,https://forbes.cz/kiwi-pokracuje-v-propousteni-odchazi-tretina-zamestnancu/,https://skift.com/2026/01/29/online-travel-agency-kiwi-lays-off-staff-in-latest-round-of-cuts/
2026-01-29,Gloo,,,Consumer,Post-IPO,United States,cost_cutting,unrelated,not_accessible,n/a,,,,,source not accessible,cost cutting,https://www.bizjournals.com/denver/news/2026/01/29/ai-company-cuts-staff-reduces-executive-salaries.html,
2026-01-28,Amazon,16000,,Retail,Post-IPO,United States,restructuring_vague,direct_substitution,ceo_memo,hybrid,False,False,SDE_II|middle_management_L6_L7|PXT_HR_recruiting|AWS_TAM_solutions_architects|Alexa_AI_legacy|Prime_Video_platform_eng|Amazon_Pharmacy|TPMs,AGI_team_Nova|Trainium_chip_team|Bedrock_agents|Frontier_AI_Robotics|Project_Rainier_data_center,"Amazon is strengthening its organization by reducing layers, increasing ownership, and removing bureaucracy across corporate roles.",restructuring,https://www.aboutamazon.com/news/company-news/amazon-layoffs-corporate-jan-2026,
2026-01-28,ASML,1700,,Hardware,Post-IPO,Netherlands,restructuring_vague,unrelated,news_inferred,infra_seller,,False,,,"ASML is streamlining its Technology and IT organizations to address inefficiencies and slow process flows, so engineers can focus on engineering and innovation.",restructuring,https://www.asml.com/en/news/press-releases/2026/strengthening-focus-on-engineering-and-innovation,
2026-01-27,Pinterest,700,0.15,Consumer,Post-IPO,United States,ai_capex_reallocation,capex_funding,ceo_memo,token_buyer,True,False,,,"CEO Bill Ready told staff the cuts were to 'double down on an AI-forward approach,' redirecting resources to AI-focused roles and prioritizing AI-powered products. Also scaling back office space, with $35-45M in pre-tax restructuring charges expected by end of Q3. Stock plummeted on the news. Notable aftermath: Pinterest later fired engineers who built an internal layoff-tracking tool.",AI transformation,https://www.theverge.com/news/868531/pinterest-layoffs-cuts-15-percent-ai-transformation,https://techcrunch.com/2026/01/27/pinterest-to-lay-off-15-of-staff-to-redirect-resources-to-ai/
2026-01-27,Moon Active,110,0.05,Consumer,Unknown,Israel,restructuring_vague,unrelated,news_inferred,n/a,,,,,"Strategic restructuring with targeted streamlining in two units following internal review of operational structure and processes, framed as cost optimization amid continued growth.",restructuring,https://www.calcalistech.com/ctechnews/article/jvbqyjznm,
2026-01-26,Expedia,162,,Travel,Post-IPO,United States,ai_substitution_claim,direct_substitution,news_inferred,n/a,,,,,"Expedia filed WARN notice Jan 28 cutting 162 tech roles at Seattle Interbay HQ (~10% of tech team) - software engineers, data engineers, product/program managers. Statement: 'We are eliminating roles as well as opening some new roles as we remain disciplined about assessing the skills we need for the future. We are also simplifying our structure and reducing organizational layers to move faster and with more accountability.' Cited competition and need to enhance AI-driven experiences.",AI restructuring,https://www.bizjournals.com/seattle/news/2026/01/26/expedia-layoffs-tech-team-interbay-travel.html,https://www.geekwire.com/2026/expedia-group-lays-off-employees-in-latest-cuts-at-seattle-travel-giant/
2026-01-25,Entropy,,1,Crypto,Seed,United States,shutdown_bankruptcy,unrelated,news_inferred,n/a,,,,,"Entropy is winding down because the company wasn't venture scale; after multiple pivots and layoffs, the founder couldn't find a viable business model supporting venture-level growth.",shutdown,https://www.theblock.co/post/386942/entropy-a16z-backed-decentralized-custody-startup-is-winding-down-and-returning-capital-to-investors,
2026-01-24,Roof Stacks,220,,Consumer,Seed,Turkey,restructuring_vague,unrelated,news_inferred,n/a,,,,,"The company terminated employees citing 'Code 18 - End of Work', allegedly used to circumvent standard mass layoff procedures; no substantive business rationale was publicly stated.",unknown,https://www.yenicaggazetesi.com/erdoganin-mektup-arkadasinin-sirketinde-skandal-olay-yuzlerce-kisi-isten-cikarildi-995293h.htm,
2026-01-22,Autodesk,1000,0.07,Other,Post-IPO,United States,restructuring_vague,ai_denied_but_adjacent,press_release_sec,token_buyer,,,,,"CEO Andrew Anagnost framed the ~7% cut (mostly customer-facing sales) as completion of a multi-year go-to-market transformation, with smaller targeted adjustments to align with future opportunities. Resources reallocated to AI, platform, and cloud initiatives. Restructuring charges estimated at $135-160M, mostly severance.",GTM restructuring + AI/cloud reinvestment,https://www.reuters.com/business/world-at-work/autodesk-lay-off-about-7-workforce-2026-01-22/,https://www.sec.gov/Archives/edgar/data/0000769397/000076939726000006/ceoemlfinal.htm
2026-01-22,Shopify,,,Retail,Post-IPO,Canada,restructuring_vague,ai_denied_but_adjacent,news_inferred,token_buyer,,,,,Shopify is restructuring its partnerships division to focus on building low-friction systems and concentrating efforts on agentic commerce to help merchants capture the AI opportunity.,AI restructuring,https://betakit.com/shopify-makes-more-job-cuts-this-time-targeting-partnerships-division/,
2026-01-21,Vimeo,,,Consumer,Post-IPO,United States,cost_cutting,unrelated,news_inferred,n/a,,False,,,"Vimeo laid off more than 1,000 employees globally - the entire video engineering team was eliminated, with fewer than 15 engineers remaining. Came two months after Italian PE/conglomerate Bending Spoons closed its $1.38B acquisition. Matches Bending Spoons' pattern: WeTransfer saw 75% of staff terminated within two months of its 2024 acquisition, and Filmic's entire 22-person team was fired in 2023.",PE cost cutting,https://www.businessinsider.com/vimeo-laying-off-staff-after-billion-sale-to-bending-spoons-2026-1,https://techcrunch.com/2026/01/22/vimeo-starts-layoffs-after-acquisition-by-bending-spoons/
2026-01-20,Vimeo,,,Consumer,Post-IPO,United States,m_and_a_consolidation,unrelated,news_inferred,n/a,,,,,Layoffs follow a broader global restructuring effort after Vimeo's acquisition by Bending Spoons; no specific underlying cause was stated in the article.,post-acquisition,https://www.calcalistech.com/ctechnews/article/sjtjgbabzx,
2026-01-16,Polygon,60,,Crypto,Unknown,Cayman Islands,m_and_a_consolidation,unrelated,news_inferred,n/a,,,,,"Layoffs were due to role overlaps from the Coinme and Sequence acquisitions being integrated into Polygon Labs, while keeping overall headcount flat.",post-acquisition,https://www.coindesk.com/business/2026/01/16/polygon-labs-said-to-have-laid-off-60-staff-following-new-usd250-million-acquisition,
2026-01-15,Ericsson,1600,,Other,Post-IPO,Sweden,demand_collapse,unrelated,news_inferred,n/a,,,,,"Press manager Ralf Begner cited competitive pressure in telecom: 'the market has not shown any growth while inflationary pressure continues, and the company must continue to work on reducing its costs to ensure its long-term technology leadership.' Driven by a sharp decline in 5G network investments globally as carriers shift from rollout to monetization. Cuts hit core business and R&D in Sweden (>1 in 10 of 12,600 Swedish staff).",cost cutting / 5G slowdown,https://www.reuters.com/business/world-at-work/ericsson-shed-1600-jobs-sweden-2026-01-15/,https://www.thelocal.se/20260115/ericsson-to-lay-off-1600-workers-in-sweden
2026-01-15,Tipalti,100,,Finance,Series F,United States,cost_cutting,unrelated,news_inferred,n/a,,,,,"Israeli fintech Tipalti began another layoff round (industry estimates: 100+ employees) primarily affecting customer success, sales development, and engineering, with ~40% in R&D in Tel Aviv. Company cited economic headwinds and need to optimize operational efficiency. This was the second wave in ~2 months following a sales-restructuring round.",cost cutting,https://en.globes.co.il/en/article-tipalti-laying-off-dozens-of-employees-1001532153,https://www.calcalistech.com/ctechnews/article/syrnrsyvgg
2026-01-14,Playtika,500,0.15,Consumer,Post-IPO,Israel,restructuring_vague,ai_denied_but_adjacent,news_inferred,token_buyer,,,,,"CEO said the broad growth mindset is no longer sustainable; Playtika is restructuring to focus on fewer games, reduce headcount, and implement AI and automation.",AI restructuring,https://www.calcalistech.com/ctechnews/article/bkl6xzhswe,
2026-01-14,Aleph Alpha,50,0.16,AI,Series B,Germany,restructuring_vague,unrelated,news_inferred,compute_seller,,,,,Strategic repositioning to bundle core competencies and concentrate resources on areas with the highest growth potential following an organizational strategy review.,restructuring,https://www.startbase.com/news/aleph-alpha-baut-rund-50-stellen-ab/,
2026-01-13,Meta,1500,0.02,Consumer,Post-IPO,United States,strategic_pivot,ai_pivot_market,ceo_memo,vertical_builder,True,False,VR_game_studios_shutdown|VR_engine_engineers|game_producers|Twisted_Pixel|Sanzaru|Armature|Oculus_Studios_Central_Technology,AR_hardware_engineers|smart_glasses|CV_optics,"CTO Andrew Bosworth memo: Meta is 'shifting some of our investment from Metaverse toward Wearables' to make the business 'more sustainable,' reinvesting savings into wearables/AR (smart glasses, controllers). ~10% of Reality Labs cut; AR roles were preserved while VR/metaverse investment was scaled back. Reflects the broader pivot from metaverse to AI.",metaverse-to-wearables/AI pivot,https://www.nytimes.com/2026/01/12/technology/meta-layoffs-reality-labs.html?unlocked_article_code=1.D1A.ckee.3ANQhKMxi5Ld&smid=url-share,https://techcrunch.com/2026/01/14/meta-to-reportedly-lay-off-10-of-reality-labs-staff/
2026-01-13,eToro,105,0.07,Finance,Unknown,Israel,restructuring_vague,unrelated,news_inferred,n/a,,,,,"Part of eToro's maturation process to align organizational structure with the business and support long-term growth, framed as restructuring from a position of strength to focus on future technologies.",restructuring,https://www.calcalistech.com/ctechnews/article/sjedi1vh11x,
2026-01-13,StoreDot,,,Other,Series D,Israel,ipo_prep,unrelated,news_inferred,n/a,,False,,,"No specific reason stated; remaining team is focused on maintaining existing projects and commercializing fast-charging battery technology, suggesting workforce streamlining ahead of SPAC merger and Nasdaq listing.",IPO prep,https://www.calcalistech.com/ctechnews/article/sjkqkmeb11x,
2026-01-12,MercadoLibre,116,,Retail,Post-IPO,Brazil,restructuring_vague,direct_substitution,news_with_quote,token_buyer,,,,,"MercadoLibre laid off 119 people (originally 116 reported) due to AI expansion, primarily UX writers - the team behind app/website copy. Affected 38 in Brazil and 32 in Argentina. Cofounder Marcos Galperin said his focus would shift to AI projects and mastering 'this transition to the world of agents.' Some affected workers reported training the AI that replaced them.",AI restructuring,https://eleconomista.com.ar/economia/despidos-mercado-libre-entrenamos-ia-nos-reemplazo-n91871,https://www.investing.com/news/stock-market-news/mercadolibre-lays-off-119-employees-amid-ai-expansion-93CH-4443283
2026-01-09,FormFactor,220,0.11,Manufacturing,Post-IPO,United States,cost_cutting,unrelated,news_inferred,n/a,,,,,"Semiconductor test equipment maker FormFactor announced 200+ layoffs and facility closures (Baldwin Park CA closing Jan 30 with 113 jobs; Carlsbad closing mid-Dec with 107 jobs). Company cited import tariffs and changes in market demand. Expects $30-40M in restructuring charges; affects technicians, engineers, managers, and assemblers.",cost cutting,https://www.latimes.com/business/story/2026-01-09/bay-area-semiconductor-testing-company-to-lay-off-more-than-200-workers,https://finance.yahoo.com/news/bay-area-semiconductor-testing-company-224357532.html
2026-01-08,Kaseya,250,0.05,Security,Private Equity,United States,restructuring_vague,unrelated,news_inferred,n/a,,,,,"Redesigning its go-to-market approach to serve customers more effectively through intelligent, customer-led execution, reorganizing account management teams by customer segment.",restructuring,https://www.crn.com/news/channel-news/2026/kaseya-lays-off-5-percent-of-workforce-to-align-our-go-to-market-teams?itc=refresh,
2026-01-08,Hailo,30,0.1,Manufacturing,Series C,Israel,strategic_pivot,ai_pivot_market,news_inferred,infra_seller,,,,,Strategic repositioning to expand into robotics and Physical AI while reducing investment in other areas adopting the technology more slowly; not financial distress.,pivot,https://www.calcalistech.com/ctechnews/article/hyzk11etvwx,
2026-01-08,Foretellix,29,0.18,Transportation,Series C,Israel,restructuring_vague,ai_denied_but_adjacent,news_inferred,infra_seller,,,,,"Efficiency measures driven in part by the growing adoption of AI tools, reflecting broader efficiency efforts across the tech sector.",AI restructuring,https://www.calcalistech.com/ctechnews/article/hjjj7b6vzx,
2026-01-08,Tailwind Labs,3,,Product,Unknown,United States,unknown,unrelated,not_accessible,token_buyer,,,,,source not accessible,AI restructuring,https://www.businessinsider.com/tailwind-engineer-layoffs-ai-github-2026-1,
2026-01-07,Angi,350,,Consumer,Post-IPO,United States,ai_substitution_claim,direct_substitution,news_inferred,n/a,,,,,Angi announced ~350 layoffs to 'reduce operating expenses and optimize the organizational structure in support of long-term growth and in light of AI-driven efficiency improvements.' Expected to save $70-80M annually with ~$30M in restructuring charges. Most engineers among affected; ML algorithms now handle 'a substantial portion of what was once manual labor.',AI restructuring,https://ir.angi.com/node/12951/html,https://www.ibj.com/articles/angi-to-eliminate-350-jobs
2026-01-05,Multiverse,55,,Education,Series D,United Kingdom,cost_cutting,unrelated,news_inferred,n/a,,,,,"Strategy to employ slightly fewer people while increasing compensation and productivity, citing rising staff costs and efforts to improve revenue per employee.",cost cutting,https://sifted.eu/articles/multiverse-job-cuts-euan-blair,
